Num‚ro porc;T0-T1;GR auto : 5-8(10,6/æL);HGB(g/L)(100-160);HCT(%)(32-50);MCV(fL) (VGM)(50-68);MCH(pg) (TCMH)(17-21);MCHC(%) (CCMH)(30-34);RDW-SD(fL);RDW-CV(%);RET#(K/uL);RET%(%)(0-1);IRF(%);PLT auto : 325-715(10,3/æl);GB : 11-22(10,3/æl);GNN auto : 3,1-10,5;Lymphocytes auto : 4,3-13;Monocytes auto : 0,2-2,2;GNE auto:0-2,4 ;GNB auto : 0-0,3
P001;T1;6;96;32,1;57,1;17,1;29,9;44,3;25,4;65;1;18;283;17,17;6,06;9,7;1,21;0,19;0,01
P002;T1;6;116;39,4;61,4;18,1;29,4;43,5;24,1;125;2;18;696;28,16;10,18;15,7;2,01;0,26;0,01
P004;T1;6;101;34,9;59,6;17,2;28,9;42,5;23,5;102;2;14;789;18,19;7,95;8,87;1,29;0,07;0,01
P006;T1;6;105;37,9;62,1;17,2;27,7;47;24,9;51;1;20;641;24,43;10,52;11,99;1,8;0,1;0,02
P007;T1;7;103;35;52,7;15,5;29,4;50;30,8;89;1;17;236;21,79;7,07;13,22;1,33;0,15;0,02
P008;T1;6;103;35,6;62,3;18;28,9;50,4;26,6;119;2;10;384;33,71;22,71;8,97;1,93;0,09;0,01
P009;T1;5;92;31,2;58;17,1;29,5;43,1;25,9;66;1;26;680;23,35;7,84;14,21;1,16;0,14;0
P010;T1;5;90;31,4;57,5;16,5;28,7;45,5;26,2;95;2;6;611;15,21;5,52;8,66;0,89;0,13;0,01
P011;T1;6;109;39,4;62,5;17,3;27,7;50,6;26,2;159;3;9;299;19,11;6,61;11,01;1,27;0,21;0,01
P012;T1;6;98;34,8;57,1;16,1;28,2;44,1;25,9;161;3;10;705;15,99;5,59;9,05;1,2;0,14;0,01
P013;T1;8;105;36;47,5;13,9;29,2;46,1;33,7;124;2;10;309;20,7;7,22;12,44;0,88;0,14;0,02
P014;T1;7;122;45;60,6;16,4;27,1;49,5;27,3;152;2;8;286;20,81;7,47;11,78;1,37;0,18;0,01
P015;T1;6;103;36,1;58,1;16,6;28,5;46,8;26,6;94;2;19;552;26,05;11,61;12,46;1,78;0,17;0,03
P016;T1;5;75;25,1;54,7;16,3;29,9;54,2;31,5;28;1;44;570;19,92;7,87;9,8;2,11;0,13;0,01
P017;T1;7;109;40,8;57,5;15,4;26,7;48,1;28,6;86;1;19;563;27,68;10,38;15,53;1,65;0,11;0,01
P018;T1;7;109;38,4;58,8;16,7;28,4;42,1;24,4;426;7;8;478;35,8;14,05;19,66;1,81;0,24;0,04
P019;T1;6;113;38,9;61,4;17,8;29;40,2;22,4;143;2;16;680;22,71;10,74;10,6;1,17;0,18;0,02
P020;T1;6;117;40,4;63;18,3;29;38,7;20,6;120;2;10;199;18,71;8,18;9,04;1,3;0,18;0,01
P021;T1;6;107;36,8;60,1;17,5;29,1;43,1;24,3;153;3;14;780;21,1;8,59;11,2;1,01;0,29;0,01
P022;T1;6;103;36,4;61,8;17,5;28,3;39,7;21,3;254;4;6;654;21,09;7,07;12,56;1,27;0,17;0,02
P023;T1;7;121;41,1;61,9;18,2;29,4;44,5;24,4;169;3;8;586;15,36;5,5;8,85;0,66;0,32;0,03
P024;T1;7;117;39,9;58,8;17,2;29,3;40,8;23,4;103;2;5;558;24,47;12,18;10,89;1,15;0,24;0,01
P025;T1;5;102;34,4;63,8;18,9;29,7;46,2;23,1;88;2;10;818;14,72;7,3;6,79;0,55;0,06;0,02
P026;T1;6;116;39,2;63,4;18,8;29,6;46,5;23,7;94;2;11;315;19,79;10,69;7,52;1,47;0,1;0,01
P027;T1;5;98;33,3;60,8;17,9;29,4;46,1;24,9;106;2;12;746;12,46;5,74;5,87;0,74;0,1;0,01
P028;T1;6;106;35,1;61,4;18,5;30,2;44;23,4;86;2;4;106;12,77;4,54;7,22;0,93;0,06;0,02
P029;T1;6;102;35;58,6;17,1;29,1;42,9;24,4;58;1;21;842;22,56;12,26;8,91;1,05;0,33;0,01
P030;T1;6;104;37,8;63,1;17,4;27,5;46,8;24,7;124;2;13;683;16,22;6,32;8,56;0,97;0,36;0,01
P031;T1;6;118;39,5;63,7;19;29,9;41,7;22,5;35;1;25;618;14,47;4,89;8,57;0,84;0,17;0
P032;T1;6;119;40,6;65,9;19,3;29,3;46,6;23,4;63;1;19;407;14,13;4,72;8,2;0,94;0,26;0,01
P033;T1;7;113;37,6;57,1;17,1;30,1;39,1;23,2;90;1;7;595;14,34;5,63;7,7;0,76;0,25;0
P034;T1;6;111;36,9;57,1;17,2;30,1;40,9;24,2;121;2;12;842;16,93;7,29;8,21;1,12;0,3;0,01
P035;T1;7;122;41,6;62;18,2;29,3;39,1;21,9;60;1;20;680;18,04;6,27;10,79;0,87;0,11;0
P036;T1;7;119;40,9;57,2;16,6;29,1;43,2;25,8;66;1;23;738;21,11;10,91;9,16;0,88;0,06;0,1
P037;T1;7;128;44,6;59,7;17,1;28,7;28,7;39,3;146;2;6;266;18,69;8,1;9,7;0,79;0,1;0
P038;T1;8;125;44,3;58,1;16,4;28,2;28,2;49,6;66;1;21;437;18,85;7,42;10,58;0,76;0,08;0,01
P039;T1;8;114;40,1;51,4;14,6;28,4;28,4;----;9;0;57;569;11,5;5,8;5,03;0,59;0,07;0,01
P040;T1;8;110;38,7;50,5;14,3;28,4;28,4;----;105;1;12;430;16,8;6,45;9,59;0,58;0,15;0,03
P041;T1;4;70;25,2;60,9;16,9;27,8;27,8;41,9;96;2;10;44;15,76;3,57;11,26;0,82;0,11;0
P042;T1;6;105;38,2;59,7;16,4;27,5;27,5;53,9;162;3;12;654;30,22;10,54;17,56;2,03;0,08;0,01
P043;T1;7;110;38,6;56,7;16,2;28,5;28,5;52,1;93;1;9;683;8,79;3,32;4,85;0,32;0,2;0,1
P044;T1;7;109;38,6;57,1;16,1;28,2;28,2;44,8;108;2;6;564;14,42;5,76;8,15;0,39;0,11;0,01
P045;T1;6;108;38;63,5;18,1;28,4;28,4;41,9;85;1;6;433;8,35;2,86;5,1;0,29;0,09;0,01
P046;T1;6;84;30,6;49,9;13,7;27,5;27,5;----;3;0;100;431;11,27;4,16;6,53;0,28;0,26;0,04
P047;T1;9;156;60,2;63,5;16,5;25,9;25,9;73,9;10;0;88;493;18,83;8,64;9,72;0,35;0,11;0,01
P048;T1;9;135;51,7;56,4;14,7;26,1;26,1;56,4;77;1;12;646;22,19;10,72;10,93;0,44;0,08;0,02
P049;T1;7;111;41,5;57,7;15,4;26,7;26,7;61,9;17;0;56;544;13,68;4,53;8,53;0,41;0,11;0,1
P050;T1;6;89;31,4;50,1;14,2;28,3;28,3;----;17;0;63;542;13,21;4,16;8,44;0,56;0,04;0,01
P051;T1;8;102;35,7;47,5;13,6;28,6;28,6;----;53;1;14;838;16,63;7,39;8,77;0,34;0,12;0,01
P052;T1;7;100;36,6;54,4;14,9;27,3;27,3;----;98;1;12;601;22,89;10,85;10,73;1,08;0,21;0,02
P053;T1;7;104;36,1;54,5;15,7;28,8;28,8;49;53;1;45;554;30,65;19,56;10,12;0,78;0,16;0,03
P054;T1;7;110;38,6;57,4;16,4;28,5;28,5;48,1;52;1;28;681;16,4;4,87;10,71;0,65;0,13;0,04
P055;T1;7;116;40;59,3;17,2;29;41;23;117;2;7;502;19,03;6,97;10,1;1,64;0,31;0,01
P056;T1;10;163;56,3;57,5;16,6;29;38,4;25,1;152;2;5;551;15,12;6,13;8,47;0,38;0,13;0,01
P057;T1;6;110;37,4;58,4;17,2;29,4;47,9;27,5;37;1;21;611;17,73;6,43;10,14;1,02;0,14;0
P058;T1;7;120;40,8;60;17,6;29,4;46,4;27;52;1;29;609;17,7;3,98;12,87;0,76;0,08;0,01
P059;T1;7;122;41,2;58,5;17,3;29,6;43,5;25,4;35;1;16;749;14,85;3,4;10,99;0,42;0,03;0,01
P060;T1;8;118;40,2;53,5;15,7;29,4;40;26,9;26;0;21;790;14,51;7,9;5,67;0,75;0,18;0,01
P061;T1;7;104;36,4;51,6;14,8;28,6;53,3;34;13;0;88;606;16,41;4,77;11,01;0,43;0,2;0
P062;T1;7;119;40,7;56,7;16,6;29,2;45,3;27,1;37;1;27;564;16,62;3,85;11,71;0,9;0,15;0,01
P063;T1;8;121;43,9;55,5;15,3;27,6;66,2;37;36;0;9;661;8,11;3,09;4,47;0,51;0,04;0
P064;T1;7;116;40,4;58,6;16,8;28,7;44,6;25,5;71;1;13;624;14,72;5,31;8,6;0,74;0,06;0,01
P065;T1;8;117;43,1;57,3;15,6;27,1;58,6;32,5;53;1;36;810;19,2;4,93;13,43;0,73;0,11;0
P066;T1;7;119;40,5;59;17,3;29,4;40,4;22,9;164;2;4;557;18,31;5,47;12,05;0,62;0,14;0,03
P067;T1;7;119;39,3;57,5;17,4;30,3;47,2;27,1;84;1;8;444;14,59;6,05;7,64;0,72;0,16;0,02
P068;T1;7;129;43,4;59,1;17,6;29,7;42,1;24,5;115;2;12;605;19,41;6,85;11,53;0,88;0,14;0,01
P069;T1;7;104;36;50,7;14,6;28,9;51,9;32,4;60;1;16;695;16,9;9,08;7,09;0,66;0,06;0,01
P070;T1;7;102;34,9;53,7;15,7;29,2;54,6;32,7;16;0;47;672;12,96;3,96;7,97;0,93;0,09;0,01
P071;T1;6;107;36,1;57,3;17;29,6;40,5;24;74;1;12;621;18,64;5,74;11,61;1,2;0,08;0,01
P073;T1;6;99;35;56,8;16,1;28,3;----;37,3;94;2;16;981;15,09;4,93;8,94;1,04;0,13;0,05
P074;T1;6;93;31;50,5;15,1;30;56;36,1;14;0;58;561;15,61;6,91;7,62;0,93;0,13;0,02
P075;T1;6;102;34,1;54;16,2;29,9;47,7;28,9;47;1;11;655;12,94;6,97;4,98;0,74;0,23;0,02
P076;T1;7;92;32,6;49,8;14;28,2;----;38,5;26;0;38;721;23,89;14,01;8,4;1,2;0,25;0,03
P077;T1;6;99;33,2;54,2;16,2;29,8;50,5;30,3;47;1;34;619;22,09;10,6;9,69;1,57;0,22;0,01
P078;T1;6;112;38,7;61,3;17,7;28,9;50,3;26,8;86;1;15;913;20,99;7,69;11,55;1,39;0,33;0,03
P079;T1;7;116;39,8;59,2;17,3;29,1;47,3;26,6;55;1;31;656;21,91;8,71;11,37;1,78;0,04;0,01
P080;T1;6;108;35,7;57,3;17,3;30,3;45,1;26,3;165;3;11;768;23,9;8,92;13;1,47;0,5;0,01
P081;T1;6;106;35,7;58,8;17,5;29,7;51,3;29;94;2;16;617;23,46;7,35;13,28;2,67;0,14;0,02
P082;T1;6;110;38,5;59,5;17;28,6;45,9;26;113;2;15;655;26,14;10,61;13,39;1,99;0,14;0,01
P083;T1;5;100;33,8;62,7;18,6;29,6;40,5;21,8;253;5;12;671;22,86;10,49;10,79;1,34;0,22;0,02
P084;T1;6;115;40,5;63;17,9;28,4;46,5;25,2;85;1;29;751;25,75;10,05;14,14;1,24;0,31;0,01
P085;T1;5;77;25,6;46,9;14,1;30,1;----;39,8;12;0;73;908;17,88;10,08;6,28;1,45;0,06;0,01
P086;T1;7;97;32,4;49,8;14,9;29,9;----;35,1;50;1;17;858;19,78;9,57;8,6;1,43;0,16;0,02
P087;T1;6;101;33,9;53,6;16;29,8;57,2;34,4;10;0;51;257;15,96;7,72;7,23;0,9;0,09;0,02
P088;T1;6;93;31,7;48,8;14,3;29,3;----;39,2;11;0;93;605;15,55;7,51;7,26;0,68;0,08;0,02
P089;T1;7;105;34,4;52,4;16;30,5;50,3;31,9;39;1;26;779;19,52;9,69;8,9;0,81;0,1;0,02
P090;T1;7;105;35;53,8;16,2;30;50,8;30,4;24;0;48;807;17,21;6,82;9,68;0,44;0,24;0,03
P091;T1;7;124;41,4;59,7;17,9;30;47,2;26,5;213;3;5;510;24,94;6,1;17,67;1;0,16;0,01
P092;T1;6;131;43,6;65,9;19,8;30;44,7;22,4;294;4;4;608;23,99;7,74;14,75;1,26;0,23;0,01
P093;T1;6;97;32,5;56,6;16,9;29,8;----;37,5;116;2;6;997;15,72;3,46;11,5;0,59;0,15;0,02
P094;T1;7;109;35,9;53,6;16,3;30,4;48,7;29,1;306;5;5;565;32,08;13,65;15,88;2,14;0,4;0,01
P095;T1;8;100;33,9;49,9;14,7;29,5;42,1;28,9;135;2;7;200;21,43;4,05;16,47;0,79;0,11;0,01
P096;T1;7;114;38,6;57,1;16,9;29,5;40,9;24,9;231;3;4;159;23,97;8,35;14,05;1,3;0,25;0,02
P097;T1;7;105;34;53,7;16,6;30,9;57,1;34;30;0;24;324;27,9;9,8;16,29;1,61;0,18;0,02
P098;T1;6;109;36,6;58;17,3;29,8;51,8;29,9;90;1;6;514;25,88;7,68;16,83;1,07;0,28;0,02
P099;T1;6;129;43,1;58,6;17,5;29,9;42,5;24,8;120;2;7;617;28,91;10,28;17,18;1,35;0,1;0
P100;T1;7;111;35,8;55,1;17,1;31;60;34;135;2;4;595;26,96;6,73;18,73;1,36;0,13;0,01
P101;T1;7;124;41;60,8;18,4;30,2;41;22,9;217;3;4;732;25,69;9,79;14,55;1,14;0,18;0,03
P103;T1;6;122;39,3;57,9;18;31;37;21,9;189;3;96;588;21;8,96;10,77;1;0,26;0,01
P104;T1;6;125;42,4;66,5;19,6;29,5;45,9;23,3;230;4;95;659;19,18;6,71;11,28;0,91;0,26;0,02
P105;T1;6;118;38,6;58,8;18;30,6;43,4;25;81;1;87;644;21,64;7,87;12,87;0,71;0,17;0,02
P106;T1;6;106;35,4;59,1;17,7;29,9;44,7;25,8;173;3;98;625;19,41;5,62;12,74;0,98;0,07;0
P107;T1;6;116;39,9;55,9;16,2;29,1;41,9;25,5;233;3;97;424;21,96;5,65;14,73;1,41;0,15;0,02
P108;T1;6;118;38,8;61,1;18,6;30,4;40,8;22,3;203;3;92;485;14,71;5,07;8,93;0,62;0,07;0,02
P109;T1;7;118;41,1;58,6;16,8;28,7;45,1;26,2;41;1;26;271;20,72;7,95;11,78;0,87;0,11;0,01
P110;T1;8;127;44;55,8;16,1;28,9;46,6;29;63;1;20;587;15,17;6,81;7,56;0,62;0,17;0,01
P111;T1;7;108;36,8;53,3;15,7;29,3;----;36,9;95;1;16;616;19,1;3,54;14,19;1,11;0,26;0
P112;T1;6;91;32,8;52,8;14,7;27,7;----;40,3;47;1;19;506;14,68;2,55;10,83;1,16;0,13;0,01
P113;T1;8;143;49,5;61;17,6;28,9;53,2;29,6;116;1;9;839;11,15;3,19;7,09;0,79;0,07;0,01
P114;T1;9;145;50,3;58,9;17;28,8;47,4;28,5;106;1;8;631;13,35;6,09;6,77;0,43;0,06;0
P115;T1;7;107;40,1;58,5;15,6;26,7;61,5;34,1;60;1;14;667;12,09;4,59;6,78;0,59;0,11;0,02
P116;T1;7;118;41,9;60,1;16,9;28,2;41;23;87;1;9;619;12,78;4,65;7,35;0,68;0,1;0
P117;T1;8;121;44;57,7;15,9;27,5;48,8;29;77;1;10;546;13,25;3,82;7,76;1,58;0,09;0
P118;T1;7;107;36,2;54,6;16,1;29,6;46;28,5;60;1;26;703;19,27;6,95;10,84;1,4;0,06;0,02
P119;T1;7;117;40,3;59,1;17,2;29;41,6;23,8;41;1;16;533;21,43;8,6;11,16;1,54;0,12;0,01
P120;T1;7;122;40,1;56,5;17,2;30,4;37,7;23,2;50;1;24;320;27,24;13,27;12,86;0,93;0,16;0,02
P121;T1;7;100;35,5;53,6;15,1;28,2;----;36;53;1;31;991;20,14;6,62;12,19;1,13;0,17;0,03
P123;T1;6;111;38,5;57,5;16,6;28,8;50,4;29,7;100;1;20;1079;15,25;4,64;9,67;0,8;0,09;0,05
P124;T1;7;137;47,2;63,9;18,5;29;45,8;24,2;109;1;16;340;20,52;10,08;9,25;0,95;0,21;0,03
P125;T1;6;113;39,4;68,2;19,6;28,7;51,5;23,6;64;1;7;424;8,4;3,39;4,54;0,41;0,05;0,01
P126;T1;6;120;44,3;70;19;27,1;57,5;26,1;37;1;31;585;17,42;8,04;8,15;1,12;0,1;0,01
P127;T1;7;111;38,1;51,5;15;29,1;----;35,6;36;0;34;260;18,56;6,26;11,32;0,86;0,08;0,04
P128;T1;7;117;38,6;55,8;16,9;30,3;41,1;25,1;72;1;14;593;12,17;4,69;6,53;0,77;0,16;0,02
P129;T1;7;102;34,9;53,3;15,6;29,2;53,3;33,4;22;0;52;409;18,54;6,67;10,78;1;0,08;0,01
P130;T1;8;120;40,9;53,6;15,7;29,3;56,5;33,7;30;0;32;564;14,57;4,38;8,66;1,43;0,1;0
P131;T1;7;112;38,2;55,8;16,4;29,3;46,7;28,1;45;1;19;696;15,03;4,87;9,1;1;0,06;0
P132;T1;7;114;40,3;58,4;16,5;28,3;50,3;29,1;46;1;21;640;20,6;7;12,16;1,26;0,18;0
P133;T1;7;106;37,1;54,9;15,7;28,6;48,2;29,9;50;1;21;633;19,53;9,55;8,41;1,37;0,19;0,01
P134;T1;7;116;39,8;58;16,9;29,1;54,4;30,9;56;1;44;365;26,36;10,14;14,24;1,83;0,13;0,02
P135;T1;8;117;41,3;50,8;14,4;28,3;56,4;36,8;15;0;90;740;18,12;4,47;12,91;0,66;0,06;0,02
P136;T1;7;118;37,9;50,7;15,8;31,1;42,2;28,8;16;0;72;520;16,8;6,35;9;1,26;0,18;0,01
P137;T1;7;110;36;54,6;16,7;30,6;42,9;27;127;2;20;608;32,44;15,33;14,93;2;0,17;0,01
P138;T1;7;105;36,5;55,2;15,9;28,8;44;28;38;1;41;622;26,36;10,12;14,69;1,36;0,18;0,01
P139;T1;7;121;43,1;59,4;16,7;28,1;47;28,1;33;0;47;804;18,7;10,5;7,07;1,09;0,03;0,01
P140;T1;7;130;41,9;56,2;17,4;31;44,5;27,3;37;0;30;551;18,51;8;9,2;1,17;0,13;0,01
P141;T1;8;128;44,3;58,2;16,8;28,9;52,6;30,1;57;1;43;586;22,84;9,12;11,94;1,55;0,22;0,01
P142;T1;7;111;40,1;56;15,5;27,7;49,1;29,4;82;1;32;524;26,48;14,03;11,07;1,25;0,09;0,04
P143;T1;6;125;40,5;64,6;19,9;30,9;44,9;23,7;36;1;36;650;15,68;6,62;8,22;0,76;0,08;0
P144;T1;7;128;41,6;60,3;18,6;30,8;45,1;25,3;77;1;28;495;19,83;9,42;8,94;1,32;0,14;0,01
P145;T1;7;98;34,9;49,7;14;28,1;----;38;11;0;90;542;14;4,3;8,87;0,71;0,11;0,01
P146;T1;7;112;40,3;55,4;15,4;27,8;58,6;33,2;31;0;31;613;15,82;4,48;10,33;0,87;0,13;0,01
P147;T1;7;121;43;59,6;16,8;28,1;45,8;25,8;97;1;13;718;15,01;5,14;9,2;0,53;0,14;0
P148;T1;7;123;43;59,2;16,9;28,6;43,5;25,3;72;1;18;541;13,61;5,06;7,92;0,48;0,15;0
P149;T1;7;101;36,8;54,1;14,9;27,4;65,4;36,8;16;0;26;690;7,84;2,44;4,94;0,41;0,04;0,01
P150;T1;7;101;34,9;51,9;15;28,9;53,2;32,2;63;1;14;724;11;2,88;7,5;0,5;0,11;0,01
P151;T1;7;90;33,2;46,4;12,6;27,1;----;44,7;9;0;93;544;12,76;2,94;9,37;0,35;0,09;0,01
P152;T1;7;90;32;49;13,8;28,1;----;41,5;9;0;60;670;8,51;1,93;6,21;0,34;0,02;0,01
P153;T1;7;93;35,1;50,8;13,5;26,5;----;42,5;221;3;3;936;9,58;2,01;6,82;0,63;0,11;0,01
P154;T1;7;104;37,7;51,3;14,1;27,6;----;35,3;22;0;34;501;10,78;3,06;7,02;0,51;0,16;0,03
P155;T1;7;100;33,5;51,5;15,4;29,9;----;38,8;99;2;9;986;12,18;2,84;8,65;0,55;0,14;0
P156;T1;6;99;35,3;55,9;15,7;28;----;37,5;113;2;15;661;24,32;8,26;14,03;1,99;0,03;0,01
P157;T1;7;110;39,7;56,1;15,5;27,7;65,9;35,7;62;1;15;443;14,96;6,04;8;0,73;0,18;0,01
P158;T1;6;86;29,9;46,5;13,4;28,8;----;38,4;8;0;72;521;15,05;8,14;5,88;0,94;0,08;0,01
P159;T1;6;109;38,9;61,1;17,1;28;42,7;23,7;119;2;12;451;13,02;4,22;8,12;0,6;0,08;0
P160;T1;8;98;36,4;48,1;12,9;26,9;----;37,2;20;0;67;630;17,17;3,64;12,67;0,64;0,2;0,02
P182;T1;6;122;42,7;66,5;19;28,6;48;24,1;57;1;17;543;19,42;8,28;9,38;1,59;0,15;0,02
P183;T1;7;107;36;55,2;16,4;29,7;47,2;28,4;32;0;47;506;17,24;7,26;8,65;1,19;0,11;0,03
P185;T1;6;106;37,6;59,7;16,8;28,2;50,6;28;136;2;14;667;21,78;8,39;11,33;1,77;0,27;0,02
P186;T1;7;119;42,5;62,4;17,5;28;58,2;30;48;1;37;541;16,48;6,52;8,83;0,96;0,17;0
P187;T1;6;107;41,8;66,8;17,1;25,6;56,7;28;88;1;15;660;14,91;6,02;7,33;1,28;0,27;0,01
P189;T1;6;101;34,7;57,8;16,8;29,1;47,2;26,8;77;1;28;1021;24,88;8,8;13,67;2,29;0,1;0,02
P190;T1;7;110;37,7;57,2;16,7;29,2;45;26,2;47;1;9;305;10,7;5,03;4,88;0,7;0,08;0,01
P191;T1;7;114;40,8;59,1;16,5;27,9;51,3;28,5;90;1;14;743;16,88;6,63;8,32;1,57;0,35;0,01
P192;T1;7;115;41,3;57,8;16,1;27,8;51,4;29,5;92;1;15;781;15,88;5,43;8,91;1,21;0,31;0,02
P193;T1;6;89;28,8;45,6;14,1;30,9;----;39,5;10;0;65;541;12,74;7,08;4,91;0,66;0,08;0,01
P194;T1;9;143;50,7;57,5;16,2;28,2;54,5;31,7;68;1;33;673;21,9;12,34;8,55;0,71;0,29;0,01
P196;T1;6;112;38,5;60;17,4;29,1;45,4;25,2;36;1;27;433;14,45;5,32;7,99;0,94;0,19;0,01
P197;T1;7;123;44,3;61,4;17,1;27,8;50,4;27,6;40;1;24;377;20,8;9,85;10,25;0,59;0,1;0,01
P198;T1;6;106;36,4;56,9;16,6;29,1;47;27,4;54;1;33;667;24,34;14,9;7,96;1,29;0,16;0,03
P199;T1;6;93;31,9;52,5;15,3;29,2;45,9;28,5;29;0;35;614;17,08;6,8;9,11;1,1;0,06;0,01
P200;T1;7;108;37,1;52,2;15,2;29,1;50,7;31,9;36;1;29;762;17,62;7,15;9,34;1,03;0,09;0,01
P201;T1;7;126;43,8;59,1;17;28,8;45,2;26,9;43;1;32;422;16,84;4,95;11,03;0,79;0,07;0
P202;T1;7;122;41,4;57,5;16,9;29,5;51,2;29;79;1;19;489;19,38;5,66;12,37;1,27;0,07;0,01
P203;T1;7;116;38,2;57,2;17,4;30,4;38,9;23,1;92;1;25;435;25,55;10,87;13,45;0,97;0,24;0,02
P205;T1;7;115;38,6;58,4;17,4;29,8;40;23,4;81;1;18;709;21,06;7,26;12,65;0,95;0,19;0,01
P206;T1;7;106;35,7;49,6;14,7;29,7;----;33,5;20;0;65;534;18,51;5,4;11,96;1,02;0,12;0,01
P207;T1;7;99;33,3;50,8;15,1;29,7;48,1;31,3;12;0;42;750;15,82;4,11;10,53;0,91;0,26;0,01
P208;T1;7;116;39,7;56,6;16,5;29,2;50,7;30;33;0;62;746;27,86;10,62;15,51;1,31;0,42;0
P209;T1;7;112;38,9;53,3;15,3;28,8;52,9;32,5;53;1;25;862;19,27;6,63;11,53;0,84;0,25;0,02
P210;T1;7;117;40,7;56,8;16,3;28,7;45,9;27,1;61;1;20;472;18,5;5,87;11,85;0,52;0,22;0,04
P211;T1;6;84;28,6;47,5;14;29,4;----;40;11;0;83;915;13,16;3,43;8,79;0,86;0,08;0
P212;T1;7;105;35,9;50,7;14,8;29,2;----;43,2;124;2;5;619;10,92;3,91;6;0,91;0,1;0
P213;T1;7;99;35,9;49,7;13,7;27,6;54,6;36,5;14;0;89;883;20,34;7,13;11,62;1,44;0,14;0,01
P214;T1;7;102;34,7;53,1;15,6;29,4;42,3;27,7;44;1;20;778;13,69;5,15;7,39;0,9;0,24;0,01
P215;T1;6;98;33,6;53;15,5;29,2;51;31,7;20;0;59;779;18,04;5,57;11,36;1,03;0,08;0
P216;T1;7;101;35,9;51,4;14,5;28,1;----;42,7;13;0;90;664;18,91;8,46;9,11;1,05;0,27;0,02
P217;T1;7;108;41;60,4;15,9;26,3;50,4;27,7;61;1;20;468;18,88;5,5;11,63;1,7;0,04;0,01
P219;T1;8;92;34,1;53,5;14,4;27;56,5;33,6;52;1;20;774;19,24;7,51;9,94;1,55;0,23;0,01
P220;T1;6;106;38,1;50,5;14,1;27,8;46,9;32;57;1;18;520;12,64;7,45;4,48;0,61;0,07;0,03
P222;T1;6;84;27,8;47,3;14,3;30,2;----;42,6;84;1;10;938;22,45;9,3;11,12;1,78;0,23;0,02
P223;T1;7;95;32,3;49,4;14,5;29,4;----;41,2;10;0;88;968;14,62;5,58;7,76;0,99;0,28;0,01
P224;T1;7;101;35,3;53;15,2;28,6;----;39,8;13;0;91;923;19,88;7,52;10,48;1,68;0,19;0,01
P225;T1;6;122;42,7;66,6;19;28,6;49,3;25,2;42;1;12;652;14,23;5,33;7,66;1,16;0,08;0
P226;T1;8;129;44,9;58,9;16,9;28,7;42,7;25,7;98;1;12;609;16,6;8,43;6,68;1,44;0,04;0,01
P227;T1;6;81;27,6;49;14,4;29,3;----;43,4;8;0;97;793;15,27;4,42;9,15;1,59;0,11;0
P228;T1;6;84;29,4;49,9;14,3;28,6;----;41,5;20;0;59;460;22,92;7,12;14,14;1,52;0,13;0,01
P229;T1;6;85;26,9;42,8;13,5;31,6;----;41;6;0;95;759;13,22;3,93;8,4;0,78;0,09;0,02
P230;T1;6;87;30,4;49,5;14,2;28,6;----;35,3;50;1;18;540;13,04;4,83;7,24;0,9;0,07;0
P231;T1;7;96;32,6;48,9;14,4;29,4;----;47;221;3;6;912;13,92;3,89;9,31;0,65;0,06;0,01
P232;T1;6;93;29,4;46,3;14,6;31,6;----;48;138;2;3;634;15,13;6,64;7,68;0,71;0,1;0
P233;T1;7;114;40,8;59,4;16,6;27,9;46,8;26,8;69;1;24;632;20,43;11,05;8,23;0,9;0,22;0,03
P234;T1;6;94;33,3;56,5;16;28,2;52,7;29,9;27;0;15;405;7,14;2,99;3,64;0,39;0,12;0
P235;T1;6;97;33,5;56,9;16,5;29;42,1;24,7;50;1;39;757;26,87;17,12;8,07;1,33;0,32;0,03
P236;T1;6;92;31,2;55,5;16,4;29,5;47,2;27,9;32;1;43;714;20,34;11,91;6,2;2,14;0,08;0,01
P237;T1;7;122;41,6;62,6;18,3;29,3;53,2;28,4;47;1;35;634;33,07;20,61;10,03;2,24;0,18;0,01
P238;T1;7;123;41,9;61,2;18;29,4;46,3;26,1;50;1;21;570;30,08;15,34;11,84;2,7;0,2;0
P239;T1;6;112;36,8;63,2;19,2;30,4;46,4;24;105;2;22;349;32,77;20;10,12;2,36;0,28;0,01
P241;T1;6;110;37,6;61,2;17,9;29,3;47,6;25,9;36;1;10;586;21,7;12,73;7,46;1,48;0,03;0
P242;T1;7;118;40,1;58,3;17,2;29,4;40,6;24,8;33;0;28;252;22,52;11,25;9,79;1,36;0,12;0
P243;T1;6;113;39,3;66,2;19;28,8;51;25,6;96;2;28;614;36,95;22,57;12,86;1,38;0,13;0,01
P244;T1;6;106;37,9;61,6;17,2;28;44,4;24,3;51;1;15;627;29,27;19,02;8,47;1,63;0,12;0,03
P245;T1;7;113;38,3;57,7;17;29,5;44,2;26;62;1;37;576;31,67;19,16;10,16;2,26;0,07;0,02
P246;T1;6;108;37,2;65,1;18,9;29;45,9;23,6;69;1;11;373;11,17;3,54;6,71;0,71;0,21;0
P247;T1;7;115;40,6;58,7;16,6;28,3;70,8;37,1;19;0;85;634;26,17;15,44;8,5;2,15;0,08;0
P249;T1;7;116;40,9;59,6;16,9;28,4;45,2;26,4;65;1;35;316;32,8;15,1;15,37;2,21;0,12;0
P250;T1;7;109;38,4;58,3;16,5;28,4;67,8;34,7;17;0;61;452;31,19;18,31;10,41;2,27;0,13;0,07
P252;T1;6;109;37,7;60;17,4;28,9;50,3;27,6;23;0;47;655;30,06;20,47;7,64;1,66;0,28;0,01
P253;T1;7;122;43,2;61,5;17,4;28,2;45,3;25,2;56;1;33;802;20,1;6,93;12,31;0,72;0,12;0,02
P255;T1;6;82;27,6;47;14;29,7;----;38;15;0;65;773;16,27;5,83;9,59;0,81;0,03;0,01
P256;T1;6;88;30,6;48,8;14;28,8;----;41,2;13;0;96;837;16,95;4,83;11,57;0,5;0,05;0
P257;T1;6;95;34,5;55,3;15,2;27,5;63,3;35,2;70;1;19;455;20,09;5,31;13,44;1,19;0,12;0,03
P258;T1;6;99;33,7;52,1;15,3;29,4;48,2;30,5;30;0;43;641;18,32;6,05;11,31;0,87;0,08;0,01
P259;T1;7;100;35,6;52,7;14,8;28,1;----;40,2;39;1;28;769;20,8;8,37;11,33;1;0,1;0
P260;T1;6;92;32,3;53,8;15,3;28,5;61,6;35,6;39;1;29;1066;17,6;5,47;11,08;0,94;0,1;0,01
P261;T1;7;102;36,5;55;15,4;27,9;64;37,1;17;0;72;590;15,54;5,09;9,43;0,9;0,12;0
P262;T1;6;94;34;56,7;15,7;27,6;55,8;32,7;17;0;59;723;12,94;3,71;8,49;0,68;0,06;0
P263;T1;6;106;35,7;62,2;18,5;29,7;46,3;24,9;26;0;29;648;11,41;3,83;6,81;0,6;0,14;0,03
P265;T1;6;99;34,3;56,4;16,3;28,9;53,9;30,6;38;1;35;982;15,69;4,32;9,99;1,23;0,14;0,01
P266;T1;6;98;33,1;52;15,4;29,6;44,8;28,8;69;1;30;805;24,84;7,31;15,47;1,73;0,32;0,01
P267;T1;6;110;37;62,4;18,5;29,7;47,7;24,7;116;2;11;570;17,43;6,05;10,73;0,61;0,04;0
P268;T1;7;107;34,8;51,6;15,9;30,7;34,8;23,9;44;1;17;481;15,5;6,49;8,24;0,73;0,03;0,01
P269;T1;6;105;36,2;60,8;17,6;29;43,1;23,7;39;1;44;734;20,5;4,98;14,15;1,16;0,2;0,01
P270;T1;7;114;38,4;58,7;17,4;29,7;49,7;27,4;73;1;9;523;17,78;5,42;10,81;1,02;0,52;0,01
P271;T1;6;108;36,4;57,5;17,1;29,7;44,9;26,2;35;1;24;826;14,28;4,67;8,63;0,78;0,19;0,01
P272;T1;7;119;40,9;62,5;18,2;29,1;45,7;23,8;92;1;8;743;15,22;5,05;9,17;0,81;0,17;0,02
P273;T1;6;115;39,6;66,1;19,2;29;44,9;22,4;94;2;12;651;16,83;3,45;12,17;1,02;0,18;0,01
P274;T1;6;103;35,8;63,3;18,2;28,8;39,8;20,6;90;2;12;697;14,94;3,24;10,39;1,11;0,2;0
P275;T1;6;102;34,9;61,8;18,1;29,2;43;22,6;92;2;3;74;10,11;4,64;5,04;0,27;0,15;0,01
P276;T1;7;120;42,7;60,4;17;28,1;42,7;23,7;165;2;8;823;14,35;3,57;9,78;0,76;0,23;0,01
P277;T1;6;124;41,7;64,3;19,1;29,7;42,3;22,2;67;1;19;507;14,27;5,15;8,2;0,7;0,21;0,01
P278;T1;6;119;39,9;64,7;19,3;29,8;42,3;21,7;97;2;11;673;12,49;4,38;7,11;0,66;0,33;0,01
P279;T1;7;122;41,7;59;17,3;29,3;45,8;26,3;74;1;16;826;26,37;7,92;16,37;1,58;0,49;0,01
P280;T1;7;128;43,1;62;18,4;29,7;44,9;24,3;128;2;11;441;22,01;5,98;14,38;1,49;0,16;0
P281;T1;7;130;44,6;62,1;18,1;29,1;44,9;25,1;70;1;15;569;14,56;5,53;8,13;0,6;0,29;0,01
P282;T1;7;128;45,3;63,5;18;28,3;48,5;26,5;88;1;18;425;18,18;4,93;11,25;1,53;0,46;0,01
P283;T1;6;110;36,7;61,3;18,4;30;41,9;22,5;79;1;19;600;22,1;5,02;15,53;1,22;0,32;0,01
P284;T1;7;122;42,1;62,6;18,1;29;40,3;22,2;164;2;7;476;23,23;6,81;15,09;0,99;0,33;0,01
P285;T1;7;116;41;58,6;16,6;28,3;42,3;24,8;94;1;10;834;15,89;6,24;8,87;0,52;0,25;0,01
P286;T1;7;122;41,3;59,7;17,6;29,5;42,9;24,3;73;1;19;733;18,11;6,37;10,93;0,6;0,21;0
P287;T1;7;120;40,8;56,9;16,7;29,4;44,3;26,2;98;1;9;626;17,23;6,38;9,98;0,64;0,22;0,01
P288;T1;7;126;42,1;58,6;17,5;29,9;44,2;25,8;51;1;10;393;12,75;4,54;7,13;0,84;0,23;0,01
P289;T1;7;105;37,8;54,1;15;27,8;55;32,9;20;0;82;365;22,05;8,23;12,27;1,11;0,42;0,02
P290;T1;7;101;32,6;47,2;14,6;31;----;37,4;7;0;83;470;15,12;3,93;10,14;0,84;0,19;0,02
P291;T1;8;138;46,9;61,9;18,2;29,4;44,3;25;93;1;7;202;13,35;6,06;6,63;0,53;0,12;0,01
P292;T1;8;132;43,1;57,3;17,6;30,6;40;24,8;123;2;8;403;17,93;7,31;9,64;0,77;0,21;0
P293;T1;7;124;41,4;63,5;19;30;52;26,8;72;1;16;561;17,06;6,58;9,29;1,02;0,16;0,01
P294;T1;7;126;43,8;60,9;17,5;28,8;42,9;24,3;127;2;10;511;20,82;6,37;12,75;1,18;0,5;0,02
P295;T1;8;134;45,9;60,2;17,6;29,2;44,8;25,6;66;1;9;285;12,69;2,51;9,58;0,56;0,04;0
P296;T1;8;112;37,6;49,5;14,7;29,8;46,5;32,9;21;0;49;506;17,61;5,6;11,07;0,78;0,16;0
P297;T1;7;110;35,7;49,2;15,2;30,8;----;39,8;12;0;100;278;16,64;4,76;10,78;0,99;0,1;0,01
P298;T1;8;119;42,8;52,3;14,5;27,8;60,2;37,8;11;0;84;341;11,78;3,42;7,64;0,63;0,09;0
P299;T1;7;111;38,5;56,7;16,3;28,8;62,1;34,7;73;1;12;806;12,86;2,52;9,69;0,5;0,15;0
P300;T1;7;106;36,8;50,5;14,6;28,8;52,4;34,7;7;0;83;810;9,79;2,57;6,55;0,51;0,15;0,01
P301;T1;7;116;40,6;59,2;16,9;28,6;45,2;26,6;63;1;19;644;17,83;7,47;9,32;0,95;0,08;0,01
P302;T1;7;125;42,1;59,6;17,7;29,7;43;24,7;73;1;12;693;17,32;7,66;8,95;0,54;0,15;0,02
P303;T1;7;114;37,8;52,7;15,9;30,2;52,7;32,4;31;0;29;511;16,32;4,43;10,72;1,06;0,09;0,02
P304;T1;8;125;44,7;56,7;15,8;28;51,4;30,2;51;1;29;581;18,62;8,84;8,6;0,96;0,19;0,03
P305;T1;7;102;34,9;49,2;14,4;29,2;----;38,4;30;0;71;876;21,17;9,42;10,53;0,92;0,29;0,01
P306;T1;8;109;38,2;48;13,7;28,5;----;44,9;99;1;12;537;18,24;7,35;9,73;0,95;0,21;0
P307;T1;6;99;32,2;54,4;16,7;30,7;44,6;27,4;39;1;18;344;12,82;4,88;7,2;0,61;0,12;0,01
P308;T1;8;130;42,2;56,2;17,3;30,8;45,1;26,8;53;1;16;538;14,95;3,13;11,01;0,68;0,12;0,01
P309;T1;8;135;47,5;57,4;16,3;28,4;50,2;29,9;103;1;11;664;13,7;4,12;8,53;0,86;0,17;0,02
P310;T1;8;127;44,8;56,2;15,9;28,3;48,3;29,2;70;1;13;772;17,3;4,95;11,4;0,77;0,17;0,01
P311;T1;8;125;43,9;57,2;16,3;28,5;56,9;32,5;74;1;17;722;16,58;6,28;9,21;0,94;0,14;0,01
P001;;7;126;44,1;62,3;17,8;28,6;45,1;25,1;225;3;7;639;20,24;5,5;13,68;1,05;0;0,01
P002;;6;116;39,4;61,4;18,1;29,4;43,5;24,1;125;2;18;696;28,16;10,18;15,7;2,01;0,26;0,01
P003;;6;90;31,3;48,8;14;28,8;----;33,7;70;1;10;513;19,67;8,79;9,98;0,88;0;0,02
P004;;6;112;39;63,5;18,2;28,7;48,4;24,7;274;4;16;724;13,67;4,79;8,16;0,7;0,01;0,01
P005;;6;100;36,3;60,9;16,8;27,5;44;23,9;514;9;10;450;23,13;5,69;15,97;1,44;0,02;0,01
P006;;6;109;37,7;66,7;19,3;28,9;49,8;23,2;398;7;5;184;10,63;3,15;6,73;0,74;0,01;0
P007;;6;97;34,1;54;15,3;28,4;51,1;30,6;114;2;14;555;20,94;5,54;13,34;1,99;0,04;0,03
P008;;6;111;38,5;65,3;18,8;28,8;57;27,6;240;4;14;563;41,58;29,6;10,37;1,49;0,04;0,08
P009;;5;98;32,7;62,2;18,6;30;50,3;26,3;168;3;9;589;19,7;4,61;13,37;1,69;0,02;0,01
P012;;6;106;36,2;57,5;16,8;29,3;46,5;26,5;175;3;7;443;20,12;7,2;11,63;1,23;0,05;0,01
P013;;7;92;32,4;49,5;14;28,4;46,8;32,5;26;0;18;235;23,49;11,67;10,95;0,84;0,01;0,02
P014;;6;108;37,3;59,2;17,1;29;45,1;25,9;86;1;13;349;20,3;9,51;9,9;0,85;0;0,04
P015;;6;103;36,7;61,9;17,4;28,1;49,3;25,9;181;3;8;601;19,48;5,66;12,59;1,22;0,01;0
P016;;6;99;34,6;60,9;17,4;28,6;56,6;29,3;165;3;10;588;18,92;3,82;12,87;2,19;0,03;0,01
P017;;7;103;36,3;54,8;15,6;28,4;47,2;29,7;131;2;8;789;18,66;6,51;11,39;0,76;0;0
P018;;7;120;43,3;62,6;17,3;27,7;45,9;24,9;264;4;7;241;26,81;8,36;16,98;1,43;0,02;0,02
P019;;7;113;38,9;61,4;17,8;29;40,6;22;143;2;16;761;13,93;5,84;7,92;0,16;0;0,01
P020;;6;117;40,4;63;18,3;29;40,9;19,8;120;2;10;664;12,45;4,31;7,44;0,63;0,06;0,01
P021;;7;107;36,8;60,1;17,5;29,1;43;23,3;153;3;14;795;11,32;5;6,08;0,19;0,04;0,01
P022;;6;103;36,4;61,8;17,5;28,3;38;21;254;4;6;593;22,43;8,58;12,64;1,16;0,03;0,02
P023;;6;121;41,1;61,9;18,2;29,4;45,6;21,6;169;3;8;501;9,9;4,8;4,8;0,24;0,06;0
P024;;8;117;39,9;58,8;17,2;29,3;40,8;23,1;103;2;5;496;17,25;7,56;9,06;0,54;0,07;0,02
P025;;6;102;34,4;63,8;18,9;29,7;44,2;21;88;2;10;723;7,49;2,93;4,21;0,35;0;0
P026;;6;116;39,2;63,4;18,8;29,6;47,9;22;94;2;11;726;7,64;4,18;3,18;0,28;0;0
P027;;6;98;33,3;60,8;17,9;29,4;43,2;22,1;106;2;12;778;16,53;9,15;6,87;0,5;0,01;0
P028;;6;106;35,1;61,4;18,5;30,2;45,3;22,9;86;2;4;580;10,42;3,84;6,18;0,35;0,04;0,01
P029;;6;102;35;58,6;17,1;29,1;41,1;22;58;1;21;436;13,49;6,24;6,64;0,52;0,05;0,04
P030;;7;104;37,8;63,1;17,4;27,5;48,1;23,3;124;2;13;729;20,72;9,92;9,8;0,94;0,04;0,02
P031;;6;118;39,5;63,7;19;29,9;41;21,8;35;1;25;785;11,27;4,83;6,06;0,34;0,03;0,01
P032;;7;119;40,6;65,9;19,3;29,3;45,5;21,6;63;1;19;680;9,54;3,67;5,72;0,14;0,01;0
P033;;6;113;37,6;57,1;17,1;30,1;39,8;22,4;90;1;7;779;9,65;2,92;6,35;0,34;0,04;0
P034;;7;111;36,9;57,1;17,2;30,1;43,6;23,2;121;2;12;481;13,29;4,72;7,94;0,56;0,06;0,01
P035;;7;122;41,6;62;18,2;29,3;40,2;21,4;60;1;20;550;11,89;4,77;6,8;0,29;0,03;0
P036;;7;119;40,9;57,2;16,6;29,1;38,4;21,8;66;1;23;504;9,92;4,14;5,34;0,41;0,03;0
P037;;7;121;40,6;60;17,9;29,8;39;22,1;194;3;3;571;14,72;9,12;5,27;0,32;0,01;0
P038;;7;121;39,9;59,6;18,1;30,3;44,9;24,7;240;4;2;607;12,68;6,94;5,25;0,49;0;0
P039;;6;98;32,5;53;16;30,2;52,8;31,4;171;3;2;674;9,93;6,05;3,67;0,21;0;0
P040;;7;106;35;53,8;16,3;30,3;51,6;30,2;135;2;2;578;11,85;5,59;6,07;0,19;0;0
P041;;7;120;40,9;58,8;17,3;29,3;45,1;26,9;95;1;12;545;19,57;7,45;11,29;0,82;0;0,01
P042;;8;133;45,5;59,7;17,5;29,2;49,9;27,8;127;2;2;534;15,88;11,03;4,56;0,29;0;0
P043;;6;109;36,1;56,1;17;30,2;48,7;28,3;314;5;3;788;9,05;4,22;4,56;0,26;0,01;0
P044;;7;121;42,1;60,2;17,3;28,7;44,3;25,2;317;5;4;725;18,7;10,76;7,58;0,32;0,03;0,01
P045;;6;116;39,5;65,2;19,1;29,4;42,5;21,3;162;3;3;557;8,28;3,61;4,55;0,12;0;0
P046;;7;109;38,8;56,2;15,8;28,1;65,8;35,5;242;4;2;341;10,67;5,6;4,79;0,26;0,01;0,01
P047;;6;121;45,4;73,5;19,6;26,7;76,5;31,1;261;4;3;266;9,95;5,74;3,92;0,28;0;0,01
P048;;6;96;33,5;55,6;15,9;28,7;54,1;32;29;0;21;834;13,2;6,83;5,98;0,37;0,01;0,01
P049;;7;114;38,5;56,6;16,8;29,6;59,6;33,3;169;2;6;684;10,52;4,5;5,86;0,15;0,01;0
P050;;6;95;32,4;56,5;16,6;29,3;54,5;31,1;198;3;2;738;8,52;2,08;6,21;0,22;0,01;0
P051;;7;94;31,6;48,1;14,3;29,7;----;36,4;15;0;40;819;11,32;4,6;6,49;0,22;0,01;0
P052;;6;94;32;50,7;14,9;29,4;----;37,9;305;5;4;668;11,02;4,5;6,15;0,33;0,04;0
P053;;6;94;29,9;54,4;17,1;31,4;49,4;28,8;267;5;6;769;9,54;4,05;5,34;0,13;0,01;0,01
P054;;8;143;48,5;61;18;29,5;48,7;26,9;260;3;7;625;14,3;8,89;5,29;0,12;0;0
P055;;7;125;41;59,6;18,2;30,5;40,7;22,9;338;5;3;518;13,75;6,3;7,02;0,42;0;0,01
P056;;7;120;39;56,3;17,3;30,8;35,6;22,3;146;2;6;671;12,22;7,07;4,79;0,33;0;0,03
P057;;7;132;45;62,5;18,3;29,3;54,6;28,8;163;2;5;503;12,39;5,14;6,94;0,23;0,07;0,01
P058;;7;127;43,4;65,1;19;29,3;52,4;26,6;189;3;5;720;13,83;4,35;8,94;0,51;0,02;0,01
P059;;6;122;40,7;64,1;19,2;30;46,1;23,7;192;3;4;682;12,45;5,83;6,48;0,13;0;0,01
P060;;7;123;42,2;57,3;16,7;29,1;48;28,5;45;1;11;676;8,96;4,56;4,19;0,19;0,02;0
P061;;7;118;40,6;57;16,6;29,1;60,5;33,7;138;2;5;608;10,22;3,98;5,99;0,24;0;0,01
P062;;7;131;44,3;60,5;17,9;29,6;45,4;26;163;2;5;281;13,46;4,98;7,79;0,65;0,04;0
P063;;6;113;39,3;60,6;17,4;28,8;64,3;32,6;240;4;4;634;6,46;2,87;3,21;0,38;0;0
P064;;7;120;41,4;62,3;18;29;46,1;24,1;281;4;4;504;10,69;5,28;4,89;0,5;0,02;0
P065;;6;111;37;58,9;17,7;30;53,3;29;242;4;2;750;9,34;3,33;5,61;0,38;0,02;0
P067;;6;118;40;65,3;19,2;29,5;47,2;24,1;188;3;3;707;11,18;4,7;5,57;0,86;0,04;0,01
P068;;7;136;45;62,6;18,9;30,2;41,2;22,8;286;4;5;699;12,74;5,53;6,44;0,7;0,07;0
P069;;7;105;36,4;56;16,2;28,8;46,1;27,2;196;3;4;598;8,24;2,67;4,92;0,59;0,06;0
P070;;6;103;34;58,7;17,8;30,3;53,2;29;252;4;5;635;8,17;2,52;5,19;0,42;0,04;0
P071;;6;114;36,5;61,1;19,1;31,2;41,4;22,7;253;4;6;592;13,05;5,52;6,99;0,5;0,04;0
P072;;6;106;35,5;62,4;18,6;29,9;45,5;23,2;219;4;9;661;12,68;5,86;5,83;0,92;0,06;0,01
P073;;5;90;28,7;53,8;16,9;31,4;----;35,4;54;1;7;726;7,29;3,26;3,69;0,33;0;0,01
P074;;7;119;40,2;59,6;17,7;29,6;58,2;30,8;237;4;3;770;11,74;5,78;5,72;0,24;0;0
P075;;7;127;41,9;57,5;17,4;30,3;50,2;28,3;162;2;2;613;6,3;2,94;3,17;0,19;0;0
P076;;7;101;34,4;51;15;29,4;----;36,8;24;0;11;648;6,93;3,96;2,5;0,43;0,02;0,02
P077;;8;135;45,7;58,8;17,4;29,5;54,8;30,1;89;1;5;601;10,76;5,04;5,24;0,46;0,02;0
P078;;7;131;41,6;60,9;19,2;31,5;46,3;25;81;1;8;991;16,69;10,19;5,91;0,53;0,06;0
P079;;7;116;39,8;59,2;17,3;29,1;47,3;26,6;55;1;31;656;21,91;8,71;11,37;1,78;0,04;0,01
P080;;6;114;37,6;60,8;18,4;30,3;42,9;23,3;189;3;2;574;8,39;3,44;4,37;0,57;0,01;0
P081;;7;133;43,7;61,3;18,7;30,4;49,5;27,1;143;2;10;671;21,17;9,06;10,47;1,6;0,02;0,02
P082;;6;119;39,8;61,4;18,4;29,9;42,2;23,2;258;4;5;552;20,03;5,48;12,9;1,63;0,01;0,01
P083;;5;106;35,3;65;19,5;30;42,8;21,3;236;4;4;349;7,22;3,82;3,27;0,12;0,01;0
P084;;6;115;37,8;62,6;19;30,4;47,4;25,1;101;2;3;390;7,54;3,48;3,67;0,37;0,02;0
P085;;6;92;30,8;52,6;15,7;29,9;----;36,3;39;1;25;872;12,6;6,68;5,38;0,52;0,01;0,01
P086;;6;102;34,4;57;16,9;29,7;49,4;28,5;291;5;2;763;10,15;4,45;5,13;0,56;0,01;0
P087;;6;109;36,3;59,6;17,9;30;58,6;30,7;214;4;4;559;14,24;7,86;5,83;0,43;0,06;0,06
P088;;7;106;35,5;53,3;15,9;29,9;----;36,4;193;3;3;768;9,33;4,85;4,2;0,27;0,01;0
P089;;7;125;41,9;60;17,9;29,8;49,5;27,2;184;3;3;606;14,65;7,83;6,01;0,73;0,05;0,03
P090;;7;118;39,7;58,4;17,4;29,7;47;26,2;185;3;3;788;13,23;7,29;5,69;0,24;0;0,01
P091;;7;110;37,5;54,7;16;29,3;47,3;28,9;80;1;30;504;11,77;4,25;7,11;0,31;0,09;0,01
P092;;7;105;34,3;59;18,1;30,6;42,8;23,7;192;3;6;468;14,38;7,07;6,62;0,43;0,23;0,03
P093;;6;91;31;51;15;29,4;----;41,3;18;0;81;426;15,71;4,86;9,64;1,18;0,01;0,02
P094;;7;100;32,8;49;14,9;30,5;49,4;33,1;48;1;32;761;14,25;6,57;7,4;0,26;0,02;0
P095;;7;108;37,2;49,1;14,3;29;43,4;30,2;136;2;10;623;19,56;10,24;8,71;0,57;0,02;0,02
P096;;7;116;39;53,2;15,8;29,7;41,3;27,1;114;2;9;493;14,18;6,13;7,53;0,5;0,01;0,01
P097;;6;103;36;53,1;15,2;28,6;60;34,9;32;0;34;682;11,88;5,96;5,13;0,71;0,02;0,06
P098;;6;96;33,4;54,2;15,6;28,7;50,5;31,3;83;1;20;327;16,06;11,67;4,11;0,25;0,01;0,02
P099;;7;99;33,3;55,5;16,5;29,7;43,6;26,2;145;2;14;396;17,05;9,76;6,9;0,33;0,04;0,02
P100;;7;102;34,5;51,3;15,2;29,6;----;36,2;26;0;63;334;8,97;3,33;5,14;0,44;0,02;0,04
P101;;7;108;37,1;55,7;16,2;29,1;45,1;26,6;109;2;14;565;11,06;3,07;6,89;1,04;0,03;0,03
P102;;6;107;36,3;54,4;16;29,5;54,8;32,3;65;1;33;654;12,22;4,87;6,61;0,63;0,07;0,04
P103;;6;122;39,3;57,9;18;31;37;21,9;189;3;96;588;21;8,96;10,77;1;0,26;0,01
P104;;6;108;34,7;56,9;17,7;31,1;46,1;26,9;87;1;8;539;16,42;5,56;9,81;0,99;0,05;0,01
P105;;7;98;31,2;53,3;16,8;31,4;39,8;25,9;85;1;14;525;16,43;4,5;10,82;1,08;0,01;0,02
P106;;6;97;32,9;55,4;16,3;29,5;43,4;26,7;238;4;7;399;13,31;3,62;8,85;0,81;0,02;0,01
P107;;7;91;30,8;51,1;15,1;29,5;39,2;26;149;2;11;463;11,88;4,47;6,81;0,57;0,02;0,01
P108;;6;97;31,2;55,7;17,3;31,1;41,8;24,5;154;3;6;567;16,61;7,39;8,59;0,58;0,03;0,02
P109;;7;119;40,8;62,2;18,1;29,2;57;29,9;444;7;6;623;17,93;8,99;8,15;0,73;0,03;0,03
P110;;7;126;43;57,5;16,8;29,3;50,9;29,5;560;7;10;986;17,11;9,08;7,44;0,55;0,02;0,02
P111;;6;99;32,2;54,9;16,9;30,7;54,1;32;153;3;10;751;21,2;7,53;12,86;0,78;0,01;0,02
P112;;6;91;30,9;55,2;16,3;29,4;60,7;34,4;174;3;5;507;18,57;5,54;11,65;1,35;0,01;0,02
P113;;6;122;40,3;63,5;19,2;30,3;52,8;27,4;481;8;8;449;16,71;7,95;7,94;0,79;0,01;0,02
P114;;6;122;39,6;62,5;19,2;30,8;46,7;25,4;455;7;3;764;9,66;4,91;4,17;0,56;0,01;0,01
P115;;6;107;36;61,1;18,2;29,7;48,8;25,8;163;3;5;640;10,26;5,05;4,63;0,56;0,01;0,01
P116;;7;119;40,1;60,9;18,1;29,7;39,4;21,8;361;5;4;520;14,38;7,71;6,22;0,41;0,02;0,02
P117;;6;107;37,4;60,6;17,3;28,6;43,1;24,2;321;5;7;588;12,08;4,4;6,68;0,98;0,01;0,01
P118;;6;111;36,4;58,9;18;30,5;41,6;24,1;236;4;7;697;19,98;7,84;10,89;1,23;0,01;0,01
P119;;7;127;43,8;63;18,3;29;42,4;23,5;217;3;9;457;14,03;3,86;9,44;0,69;0,02;0,02
P120;;7;121;40;60,2;18,2;30,3;37,1;21,5;262;4;3;820;12,96;5,12;7,15;0,67;0,01;0,01
P121;;6;110;38,4;62,7;18;28,6;53,4;27,8;201;3;3;460;14,67;4,23;9,79;0,61;0,02;0,02
P122;;6;107;34,9;58,7;18;30,7;41,6;24,2;222;4;7;706;14,77;5,58;8,57;0,6;0,01;0,01
P123;;6;115;38,9;65,1;19,2;29,6;62,6;30;237;4;3;295;7,67;3,53;3,81;0,29;0,01;0,03
P124;;6;126;41,2;66,1;20,2;30,6;43,2;21,7;262;4;3;735;8,19;2,58;5,17;0,42;0,01;0,01
P125;;5;107;36,9;73,2;21,2;29;59,4;25,3;587;12;9;911;7,01;3,17;3,64;0,18;0,01;0,01
P126;;5;108;38,7;73,6;20,5;27,9;59,1;24,4;496;9;9;793;9,23;4,63;4,42;0,17;0,01;0
P127;;7;110;37,2;55,1;16,3;29,6;50,1;29,5;217;3;4;687;11,24;3,64;7,29;0,29;0,01;0,01
P128;;6;114;37,3;60;18,3;30,6;37,9;20,9;320;5;3;611;8,6;3,98;4,25;0,34;0,02;0,01
P129;;3;52;16,4;56;17,7;31,7;52,6;28,7;129;4;3;28;2,87;1,23;1,38;0,23;0,01;0,02
P131;;7;121;41,3;59,9;17,5;29,3;47,9;26,8;137;2;8;792;12,26;4,42;7,58;0,24;0,01;0,01
P132;;7;123;40,3;57,8;17,6;30,5;46,8;26,8;156;2;4;401;14,61;6,29;6,95;1,23;0,1;0,04
P133;;7;121;40,2;57,8;17,4;30,1;43,5;25,1;216;3;4;289;10,84;5,11;5,38;0,31;0,02;0,02
P134;;6;118;39,3;64;19,2;30;49,7;25,8;232;4;6;606;16,72;11,16;5,24;0,3;0,01;0,01
P135;;7;114;38,9;52,6;15,4;29,3;59,9;36,2;37;1;21;786;13,51;5,58;7,56;0,36;0;0,01
P136;;7;123;39,7;54,4;16,8;31;44,2;27,7;169;2;8;762;19,89;9,46;9,43;0,99;0,01;0
P137;;6;114;36,9;58,1;18;30,9;48,3;27,5;262;4;4;343;18,68;8,09;9,55;0,93;0,05;0,06
P138;;7;113;38,5;56,4;16,5;29,4;47;28;236;3;12;648;35,51;17,47;16,58;1,42;0,03;0,01
P139;;7;126;40,9;58,3;18;30,8;45,1;26,4;168;2;7;755;14,41;8,59;5,49;0,31;0,01;0,01
P140;;7;136;44,8;61,4;18,6;30,4;46,5;25,6;226;3;6;596;11,66;4,3;6,9;0,41;0,04;0,01
P141;;7;132;44,1;61,8;18,5;29,9;45,2;24,7;326;5;4;554;17,13;8,4;7,93;0,6;0,18;0,02
P142;;8;128;44,4;57,1;16,5;28,8;46,5;28,1;194;2;6;600;14,28;5,89;7,87;0,47;0,02;0,03
P143;;6;127;41,4;70,9;21,7;30,7;44,5;20,5;276;5;4;346;8,65;5,29;3,01;0,34;0,01;0
P144;;6;129;42,7;68;20,5;30,2;43;21,1;293;5;5;486;8,85;4,11;4,4;0,32;0,01;0,01
P145;;7;109;37,3;54,5;15,9;29,2;62,2;35,3;344;5;4;574;15,42;8,08;7,02;0,31;0,01;0
P146;;7;118;40,8;60,1;17,4;28,9;53,2;28,7;249;4;5;785;13,52;6,16;7,05;0,3;0;0,01
P147;;7;130;43,3;60,3;18,1;30;43,3;24,4;292;4;5;741;17,77;11,79;5,67;0,3;0,01;0
P148;;7;120;40,9;62,1;18,2;29,3;44,1;23,9;341;5;5;719;22,95;11,66;10,83;0,44;0,01;0,01
P149;;7;109;36,5;54,4;16,2;29,9;58,5;33,9;123;2;4;904;8,14;3,35;4,61;0,17;0,01;0
P150;;7;113;37,8;55,3;16,5;29,9;47,5;28;299;4;2;903;12,54;5,15;7;0,38;0,01;0
P151;;7;98;31,6;46,5;14,4;31;----;46,6;130;2;2;374;9,42;3,69;5,61;0,11;0;0,01
P152;;6;88;27,2;47,2;15,3;32,4;----;40,3;211;4;2;645;8,98;4,85;3,91;0,18;0,03;0,01
P153;;6;85;29;51,5;15,1;29,3;----;42,7;144;3;3;1019;12,81;7,96;4,7;0,14;0;0,01
P154;;6;90;31,5;51,1;14,6;28,6;----;37;43;1;14;815;7,92;3,65;3,99;0,28;0;0
P155;;6;103;33;54,5;17;31,2;51,8;29,9;90;1;6;478;13,92;8,15;4,75;1,02;0;0
P156;;5;92;31,6;61;17,8;29,1;68,8;33,9;98;2;6;566;15,52;10,9;3,43;1,19;0;0
P157;;6;102;33,9;56;16,9;30,1;52,9;30,2;240;4;2;441;8,29;3,67;4,22;0,4;0;0
P158;;6;99;32,8;51,1;15,4;30,2;----;34,8;345;5;3;634;10,69;5,36;4,8;0,51;0,01;0,01
P159;;6;112;37,4;61,7;18,5;29,9;41,6;22,4;224;4;4;479;9,18;3,42;5,53;0,23;0;0
P160;;6;92;30,8;48,4;14,5;29,9;----;36,2;14;0;24;766;7,42;2,39;4,79;0,23;0;0,01
P161;;6;94;31,7;50,2;14,9;29,7;----;39,8;11;0;85;530;16,25;6,75;8,92;0,53;0,02;0,03
P162;;6;105;37,8;60,6;16,8;27,8;64;33,5;190;3;4;592;9,1;3,18;5,71;0,21;0;0
P181;;6;135;44,6;69,6;21,1;30,3;50;23,6;328;5;3;364;9,45;4,31;4,68;0,41;0,02;0,03
P182;;6;118;39,4;68,9;20,6;29,9;44,7;20,9;243;4;4;453;8,44;1,66;6,24;0,52;0,02;0
P183;;7;118;38,7;59,4;18,1;30,5;49,9;27,4;368;6;3;711;6,72;2,16;3,96;0,58;0,02;0
P184;;6;123;40,5;62,5;19;30,4;47,9;25;279;4;3;666;8,34;4,3;3,63;0,41;0;0
P185;;7;135;44,5;61,3;18,6;30,3;46,9;25,9;190;3;5;690;13,22;5,84;6,35;0,97;0,04;0,02
P186;;7;133;44,4;66,2;19,8;30;49,4;25;309;5;6;548;14,14;8,3;5,31;0,51;0,01;0,01
P187;;6;118;39,9;62,8;18,6;29,6;46,1;24,4;183;3;3;660;10,11;2,28;6,72;1,02;0,08;0,01
P188;;6;117;38,1;62,1;19,1;30,7;58,4;29,7;181;3;6;546;11;3,82;6,41;0,76;0,01;0
P189;;6;116;40,2;62,3;18;28,9;46,2;24,3;511;8;8;603;18,65;5,04;12,11;1,45;0,04;0,01
P190;;7;117;40;59;17,3;29,3;56,1;30,3;629;9;10;424;7,42;3,7;3,21;0,43;0,08;0
P191;;6;115;38,6;59,7;17,8;29,8;42,8;23,6;326;5;2;498;10,23;4,59;4,92;0,7;0,01;0,01
P192;;7;132;43,9;60,1;18,1;30,1;47,2;26,4;386;5;3;341;16,8;9,58;6,49;0,7;0,02;0,01
P193;;6;89;28,1;47,5;15;31,7;----;33,6;224;4;2;619;6,09;2,85;3;0,23;0,01;0
P194;;6;119;38,5;59,6;18,4;30,9;46,4;26,1;289;4;3;560;12,23;7,81;4,18;0,19;0,03;0,02
P195;;6;102;33,6;54,2;16,5;30,4;52,1;30,3;176;3;1;626;6,55;2,35;3,93;0,26;0;0,01
P196;;6;120;40,2;63,3;18,9;29,9;41,6;22,2;366;6;6;469;6,82;2,75;3,86;0,19;0,02;0
P197;;7;128;43,3;61,9;18,3;29,6;42,2;23,1;162;2;4;412;11,69;6,21;4,89;0,57;0,01;0,01
P198;;6;114;38,6;60,1;17,8;29,5;41,4;23;167;3;4;524;10,64;5,63;4,66;0,32;0,03;0
P199;;6;105;37,1;58,7;16,6;28,3;46,6;26,1;363;6;2;308;13,34;5,81;7,01;0,5;0,01;0,01
P200;;7;107;37,8;57,2;16,2;28,3;46,8;26,8;214;3;5;494;13,65;4,16;8,71;0,76;0,01;0,01
P201;;6;115;40,1;63,5;18,2;28,7;45,1;23,9;150;2;7;468;12,72;3,75;8,29;0,66;0,02;0
P202;;7;120;41,6;63,6;18,3;28,8;49,2;24,7;162;2;6;307;12,36;4,33;7,16;0,8;0,02;0,05
P203;;6;114;38,9;61,8;18,1;29,3;38,3;21,2;179;3;6;484;15,48;4,89;9,58;0,93;0,07;0,01
P204;;7;117;40,2;58,9;17,1;29,1;37;21,9;147;2;5;432;9,23;3,81;5,09;0,32;0;0,01
P205;;7;123;41;61,7;18,5;30;40,6;22,4;197;3;5;782;15,1;3,56;10,73;0,71;0,09;0,01
P206;;6;97;32;52,9;16;30,3;50,1;29,9;214;4;2;567;8,29;2,18;5,69;0,39;0,02;0,01
P207;;6;93;31,3;54,6;16,2;29,7;45;27,8;78;1;8;528;14,39;4,27;9,45;0,63;0,03;0,01
P208;;7;118;39,7;60,3;17,9;29,7;46,8;26,1;86;1;11;696;12,39;5,57;6,4;0,39;0,03;0
P209;;6;102;34,9;58,5;17,1;29,2;46,3;26,3;246;4;3;789;14,89;5,38;8,93;0,57;0;0,01
P210;;6;106;34,8;59,2;18;30,5;42;23,3;205;3;6;459;13,13;3,79;8,55;0,75;0,02;0,02
P211;;5;81;27,3;51,1;15,2;29,7;52;32,9;161;3;9;606;17,54;2,97;13,45;1,07;0,05;0
P212;;8;126;44,6;58,1;16,4;28,3;----;40,2;35;0;10;476;10,07;2,53;7,01;0,48;0,04;0,01
P213;;9;129;46,4;53,8;14,9;27,8;59,7;35,4;56;1;19;621;13,1;3,11;9,27;0,65;0,05;0,02
P214;;7;106;37,4;57,5;16,3;28,3;44,9;26,8;171;3;5;712;10,39;2,2;7,56;0,54;0,09;0
P215;;6;99;33,2;56,6;16,9;29,8;48,3;28,1;105;2;13;888;13,67;3,52;9,37;0,75;0,03;0
P216;;6;95;32,8;55,4;16;29;----;37,6;122;2;4;845;10,24;3,42;6,21;0,59;0,02;0
P217;;6;100;34,9;59;16,9;28,7;48,1;26,6;158;3;9;665;18,64;9,42;8,72;0,47;0,03;0
P218;;6;105;35,9;56,9;16,6;29,2;48,1;28;196;3;4;741;8,7;2,8;5,52;0,37;0;0,01
P219;;7;108;36,7;50,9;15;29,4;40,9;27,9;213;3;4;578;12,5;5,31;6,54;0,63;0,01;0,01
P220;;6;91;29,8;49,7;15,2;30,5;----;39,1;185;3;1;507;8,14;4,25;3,69;0,15;0,01;0,04
P221;;6;97;33,1;51;14,9;29,3;----;35,5;242;4;4;805;12,02;7,25;4,53;0,23;0;0,01
P222;;6;93;30,5;49,2;15;30,5;----;36,1;68;1;13;718;12,39;5,93;5,74;0,68;0,03;0,01
P223;;6;96;31,5;52,9;16,1;30,5;----;38,8;196;3;3;723;11,62;6,86;4,14;0,62;0;0
P224;;6;106;34,9;57,3;17,4;30,4;66,3;34,8;217;4;3;368;9,44;4,42;4,32;0,66;0,01;0,03
P225;;6;132;44,7;70,1;20,7;29,5;48,1;22,9;250;4;3;434;7,06;2,81;3,85;0,38;0,01;0,01
P226;;7;124;40,9;60,6;18,4;30,3;40,7;22,8;350;5;6;571;17,86;8,3;8,3;1,25;0,01;0
P227;;5;79;24,8;49,2;15,7;31,9;----;43,3;97;2;1;913;6,96;3,79;2,93;0,24;0;0
P228;;5;88;27,2;49,5;16;32,4;----;37,7;99;2;6;763;15,86;9,48;5,61;0,75;0,01;0,01
P229;;6;91;28,5;45,5;14,5;31,9;----;37,1;146;2;2;918;6,78;2,15;4,5;0,11;0,01;0,01
P230;;6;92;29,5;47,7;14,9;31,2;----;32,6;79;1;6;668;7,78;2,72;4,82;0,23;0,01;0
P231;;6;94;30,6;50,6;15,5;30,7;----;39,2;230;4;1;1175;6,41;2,22;3,9;0,29;0;0
P232;;7;99;30,4;46,6;15,2;32,6;----;40;55;1;1;824;5,89;1,48;4,2;0,2;0,01;0
P233;;6;116;39,2;61,1;18,1;29,6;49;26,5;218;3;6;845;15,68;9,5;5,51;0,62;0,03;0,02
P234;;6;118;40,3;62,3;18,2;29,3;48,4;25,5;296;5;4;730;11,39;5,09;5,88;0,31;0,1;0,01
P235;;7;118;40,1;60,3;17,7;29,4;40,5;23;250;4;6;742;19,2;7,46;11,05;0,68;0,01;0
P236;;7;125;41,7;60,8;18,2;30;42,2;23,9;241;4;4;610;11,23;4,66;6,04;0,52;0,01;0
P237;;6;129;42,3;66,8;20,4;30,5;45,6;22,5;340;5;4;277;19,35;6,26;12,02;1,04;0,02;0,01
P238;;7;132;44,6;64,5;19,1;29,6;43,3;23,3;292;4;7;647;17,01;6,23;10,08;0,69;0,01;0
P239;;6;131;41,8;67,5;21,2;31,3;43;21,3;230;4;5;591;8,24;3,58;4,32;0,32;0,01;0,01
P240;;7;127;44,8;65,3;18,5;28,3;44,8;23,3;173;3;6;524;12,92;3,59;8,62;0,7;0,01;0
P241;;7;128;42,2;64,8;19,7;30,3;44,1;22,8;258;4;5;642;13,25;3,94;8,71;0,6;0;0
P242;;8;158;55;65,2;18,7;28,7;47,6;25,6;294;3;3;290;18,86;8,36;9,79;0,67;0,03;0,01
P243;;6;131;45,1;73;21,2;29;49,5;22;278;4;7;604;16,56;5,33;10,55;0,67;0,01;0
P244;;6;116;39,7;65;19;29,2;42,9;22;212;3;6;548;13,97;6,73;6,64;0,57;0,02;0,01
P245;;6;119;40;61,8;18,4;29,8;44,9;24,2;239;4;7;560;15,86;7,32;8,13;0,39;0,01;0,01
P246;;6;119;41,3;71,8;20,7;28,8;47,6;21,7;214;4;6;316;10,49;3,37;6,41;0,59;0,08;0,04
P247;;6;105;35,5;62,6;18,5;29,6;62,7;31,3;171;3;5;594;12,77;4,8;7,27;0,65;0,04;0,01
P248;;6;110;36,5;64,4;19,4;30,1;53,8;27,1;176;3;11;729;16,65;6,01;9,94;0,64;0,05;0,01
P249;;7;117;37,9;57,1;17,6;30,9;38,8;23,7;79;1;10;586;16,44;4,94;10,93;0,52;0,04;0,01
P250;;7;119;42,4;64,9;18,2;28,1;50,1;25,6;140;2;9;519;19,58;8,65;9,61;1,28;0,03;0,01
P251;;6;112;38,5;67,1;19,5;29,1;48;22,7;272;5;5;488;14,17;5,92;7,58;0,63;0,02;0,02
P252;;6;109;37,7;60;17,4;28,9;50,3;27,6;23;0;47;655;30,06;20,47;7,64;1,66;0,28;0,01
P253;;6;121;42,8;66,6;18,8;28,3;48,2;24;322;5;6;513;15,28;4,24;10,17;0,82;0,05;0
P254;;7;120;43;62;17,3;27,9;41,9;23,8;297;4;5;569;19,59;4,28;14,27;0,99;0,03;0,02
P255;;5;86;29,2;53,6;15,8;29,5;52;31,1;182;3;7;789;17,36;3,9;12,57;0,86;0,02;0,01
P256;;5;89;30,3;55,3;16,2;29,4;66;36,5;201;4;3;661;14,47;3,9;9,74;0,55;0,27;0,01
P257;;6;93;32,1;58,4;16,9;29;54,3;29,5;173;3;3;586;17,8;4,22;12,6;0,95;0,01;0,02
P258;;6;102;35,1;57;16,6;29,1;47,5;27,8;91;1;7;594;18,22;7,41;10,17;0,64;0;0
P259;;6;98;32,4;50,8;15,4;30,2;----;38,8;47;1;17;520;12,43;3,99;7,8;0,62;0,02;0
P260;;6;94;31,3;55,3;16,6;30;53,8;30,6;147;3;3;545;12,84;3,74;8,16;0,93;0,01;0
P261;;6;108;38,1;60,9;17,3;28,3;55,8;29,9;127;2;4;509;7,46;3,21;3,98;0,25;0,01;0,01
P262;;6;104;37,1;60,2;16,9;28;59,7;31,8;156;3;3;641;10,06;3,2;6,33;0,51;0;0,02
P263;;6;128;41,8;65,4;20;30,6;45,1;23,4;184;3;3;423;8,35;3,38;4,6;0,34;0,03;0
P264;;6;124;39,7;62,3;19,5;31,2;42,5;23,7;189;3;6;550;15,94;5,03;10,21;0,68;0,02;0
P265;;6;106;35,2;58,5;17,6;30,1;46,5;26,3;102;2;11;928;12,52;3,81;7,96;0,71;0,03;0,01
P266;;6;109;34,6;53,5;16,8;31,5;43;26,9;106;2;7;583;13,14;5,11;7,36;0,57;0,09;0,01
P267;;6;117;39,2;69,8;20,8;29,8;48,1;22,2;361;6;9;344;9,88;3,88;5,52;0,44;0,03;0,01
P268;;6;102;28,1;46,3;16,8;36,3;36,5;23,7;123;2;7;436;15,06;5,66;8,42;0,98;0;0
P269;;6;119;33,4;52,5;18,7;35,6;42,5;22,9;24;0;49;631;14,04;4,98;8,25;0,77;0;0,04
P270;;6;120;32,9;52,5;19,1;36,5;44,2;24;57;1;9;549;8,73;3,03;5,09;0,61;0;0
P271;;6;117;39;60,2;18,1;30;45,3;25;123;2;14;598;20,57;12,14;7,09;1,07;0,23;0,04
P272;;7;129;42,5;64,5;19,6;30,4;43,4;22,1;221;3;6;246;16,57;10,84;4,99;0,72;0,01;0,01
P273;;6;122;41;68,8;20,5;29,8;43,5;20,8;262;4;3;670;12,46;5,22;6,78;0,44;0,01;0,01
P274;;6;111;37,7;65,3;19,2;29,4;41,5;20,8;146;3;8;687;21,03;7,11;12,51;1,37;0,02;0,02
P275;;7;129;43,3;63,8;19;29,8;44,7;23,1;308;5;4;535;12,61;6,86;5,52;0,21;0,02;0
P276;;7;128;42,9;60,7;18,1;29,8;41,7;23;250;4;4;715;11,56;4,81;6,41;0,31;0,01;0,02
P277;;6;128;41,1;66;20,5;31,1;43,9;22,1;215;3;5;593;12,46;5,73;6,16;0,44;0,12;0,01
P278;;6;131;41,9;66,8;20,9;31,3;40,5;20,4;251;4;7;525;12,46;5,43;6,57;0,43;0,01;0,02
P279;;6;115;38,1;62,7;18,9;30,2;44,9;23,5;97;2;3;435;9,79;2,81;6,1;0,84;0,04;0
P280;;7;139;45,5;64,7;19,8;30,5;44,1;22,7;297;4;3;611;13,82;6,11;7,38;0,33;0;0
P281;;7;143;45,5;61,3;19,3;31,4;41,3;23,6;283;4;4;573;12,11;5,3;6,58;0,22;0,01;0
P282;;7;142;44,6;60,9;19,4;31,8;42;23,9;191;3;6;551;12,67;4,61;7,68;0,34;0,03;0,01
P283;;7;129;43,6;66;19,5;29,6;44;22,2;274;4;6;643;15,76;5,95;9,28;0,48;0,03;0,02
P284;;7;131;44,2;65,3;19,4;29,6;43,3;22;255;4;7;572;14,03;5,65;7,97;0,3;0,11;0
P285;;7;116;38,4;58,9;17,8;30,2;39,9;23,1;262;4;5;690;17,49;9,52;7,6;0,31;0,04;0,02
P286;;7;129;41,3;61;19,1;31,2;42;23,3;294;4;7;582;23,56;14,21;8,69;0,63;0,01;0,02
P287;;7;131;44,8;63,3;18,5;29,2;42,4;23,5;275;4;6;526;20,03;9,11;10,27;0,64;0,01;0
P289;;7;110;36,3;53,8;16,3;30,3;52,4;31,2;230;3;6;215;16,68;4,9;10,98;0,68;0,1;0,02
P290;;7;110;36,9;52,8;15,7;29,8;59,3;35,4;58;1;23;639;19,67;9,33;9,82;0,46;0,04;0,02
P291;;5;93;30,1;63;19,5;30,9;39,9;20,1;165;3;5;412;9,19;2,42;6,25;0,39;0,12;0,01
P292;;7;132;42,4;61,1;19;31,1;39,6;22,4;249;4;5;601;11,68;3,89;7,12;0,61;0,06;0
P293;;6;127;42,2;68,8;20,7;30,1;48,2;22,9;254;4;3;602;9,6;2,35;6,57;0,48;0,15;0,05
P294;;7;131;42,5;60,7;18,7;30,8;40,8;23;258;4;3;430;8,68;2,28;5,97;0,29;0,13;0,01
P295;;7;129;43,1;63,6;19;29,9;41,6;22,1;228;3;7;600;16,85;2,46;12,68;1,61;0,09;0,01
P296;;8;122;40,8;53,3;15,9;29,9;49;30,3;190;2;6;517;17,21;5,62;10,44;0,85;0,25;0,05
P297;;7;110;35,7;49,2;15,2;30,8;----;39,8;12;0;100;278;16,64;4,76;10,78;0,99;0,1;0,01
P298;;7;116;38,4;52,9;16;30,2;58,9;35,3;145;2;2;640;11,76;3,7;7,32;0,59;0,13;0,02
P299;;6;114;38,3;60,1;17,9;29,8;52,8;28,9;126;2;4;448;13,5;3,47;8,61;1,29;0,11;0,02
P300;;6;101;33,2;52,6;16;30,4;56,2;33,8;269;4;4;857;7,42;2,58;4,46;0,31;0,06;0,01
P301;;6;117;38,5;60;18,2;30,4;45,7;26,1;129;2;9;652;14,49;5,74;7,76;0,92;0,06;0,01
P302;;7;130;42,7;63,1;19,2;30,4;41,3;22,4;289;4;5;567;12,54;3,65;7,92;0,74;0,22;0,01
P303;;7;115;37,3;56;17,3;30,8;49,5;28,6;228;3;5;576;11,46;2,35;8,09;0,85;0,16;0,01
P306;;7;107;36,9;53,9;15,6;29;----;41,4;15;0;50;618;10,54;2,74;6,85;0,42;0,48;0,05
P307;;6;108;34,3;56,7;17,9;31,5;46,9;27;137;2;15;445;24,96;16,77;6,81;1,27;0,1;0,01
P308;;7;126;41,6;60,2;18,2;30,3;41;23,1;193;3;6;365;14,41;4,75;8,98;0,57;0,1;0,01
P309;;7;130;43,6;59,5;17,7;29,8;45,3;26,3;233;3;2;585;10,12;3,73;5,63;0,61;0,14;0,01
P310;;7;125;41,2;57;17,3;30,3;40,8;24,9;187;3;7;586;13,96;5;8,32;0,5;0,13;0,01
P311;;6;117;39,2;60,7;18,1;29,8;44,5;25,2;175;3;4;784;8,06;2,22;5,11;0,65;0,07;0,01
P312;;7;108;36,7;55,9;16,4;29,4;47,1;28;278;4;5;1019;10,53;4,09;4,65;1,66;0,12;0,01
